{
  "homePageHttpRequest" : {
    "transaction" : "homePageHttpRequest",
    "sampleCount" : 100,
    "errorCount" : 7,
    "errorPct" : 7.0,
    "meanResTime" : 15400.799999999997,
    "medianResTime" : 12126.5,
    "minResTime" : 1.0,
    "maxResTime" : 65659.0,
    "pct1ResTime" : 32910.600000000006,
    "pct2ResTime" : 46566.849999999984,
    "pct3ResTime" : 65621.88999999998,
    "throughput" : 0.7236204176737051,
    "receivedKBytesPerSec" : 149.33847101945454,
    "sentKBytesPerSec" : 0.0736057643602472
  },
  "Total" : {
    "transaction" : "Total",
    "sampleCount" : 300,
    "errorCount" : 54,
    "errorPct" : 18.0,
    "meanResTime" : 17614.999999999996,
    "medianResTime" : 15967.5,
    "minResTime" : 1.0,
    "maxResTime" : 67293.0,
    "pct1ResTime" : 34033.6,
    "pct2ResTime" : 41963.35,
    "pct3ResTime" : 61934.30000000001,
    "throughput" : 1.9914368216668328,
    "receivedKBytesPerSec" : 511.1250593800823,
    "sentKBytesPerSec" : 0.18730007841282484
  },
  "solutionsHttpRequest" : {
    "transaction" : "solutionsHttpRequest",
    "sampleCount" : 100,
    "errorCount" : 10,
    "errorPct" : 10.0,
    "meanResTime" : 15923.949999999997,
    "medianResTime" : 14099.0,
    "minResTime" : 1.0,
    "maxResTime" : 41969.0,
    "pct1ResTime" : 30421.100000000002,
    "pct2ResTime" : 34463.45,
    "pct3ResTime" : 41967.87,
    "throughput" : 0.8394402612338093,
    "receivedKBytesPerSec" : 209.1465328887448,
    "sentKBytesPerSec" : 0.09001029363620339
  },
  "pricingHttpRequest" : {
    "transaction" : "pricingHttpRequest",
    "sampleCount" : 100,
    "errorCount" : 37,
    "errorPct" : 37.0,
    "meanResTime" : 21520.249999999996,
    "medianResTime" : 20163.0,
    "minResTime" : 1.0,
    "maxResTime" : 67293.0,
    "pct1ResTime" : 36827.2,
    "pct2ResTime" : 48123.84999999998,
    "pct3ResTime" : 67200.14999999995,
    "throughput" : 0.7311865695650902,
    "receivedKBytesPerSec" : 229.92713640148355,
    "sentKBytesPerSec" : 0.0535322823440379
  }
}